title;accredited;habr member;rating;location;size;vacancies count;company url;parsing url;timestamp
Лаборатория Касперского;true;true;4.2;Москва;От 1000 до 5000 сотрудников;174;https://career.habr.com/companies/kaspersky;https://career.habr.com/companies?skills%5B%5D=1012&with_ratings=1;2022-11-14 09:21:35.51175
Иннотех;true;false;4.02;Москва;Более 5000 сотрудников;157;https://career.habr.com/companies/innotech;https://career.habr.com/companies?skills%5B%5D=1012&with_ratings=1;2022-11-14 09:21:35.5137488
МТС;true;true;4.36;Москва;Более 5000 сотрудников;139;https://career.habr.com/companies/mts;https://career.habr.com/companies?skills%5B%5D=1012&with_ratings=1;2022-11-14 09:21:35.5147494
Сбер;false;true;3.97;Москва;Более 5000 сотрудников;130;https://career.habr.com/companies/sber;https://career.habr.com/companies?skills%5B%5D=1012&with_ratings=1;2022-11-14 09:21:35.515749
Bell Integrator;true;false;4.59;Москва;От 1000 до 5000 сотрудников;119;https://career.habr.com/companies/bellintegrator;https://career.habr.com/companies?skills%5B%5D=1012&with_ratings=1;2022-11-14 09:21:35.5167491
VK;true;true;4.52;Москва;Более 5000 сотрудников;111;https://career.habr.com/companies/vk;https://career.habr.com/companies?skills%5B%5D=1012&with_ratings=1;2022-11-14 09:21:35.5177499
РТЛабс;true;true;4.02;Москва;От 1000 до 5000 сотрудников;98;https://career.habr.com/companies/rt-labs;https://career.habr.com/companies?skills%5B%5D=1012&with_ratings=1;2022-11-14 09:21:35.5197653
Sportmaster Lab;true;true;4.4;Москва;От 1000 до 5000 сотрудников;91;https://career.habr.com/companies/sportmaster-lab;https://career.habr.com/companies?skills%5B%5D=1012&with_ratings=1;2022-11-14 09:21:35.5207522
Совкомбанк Технологии;true;true;4.5;;Более 5000 сотрудников;86;https://career.habr.com/companies/scbt;https://career.habr.com/companies?skills%5B%5D=1012&with_ratings=1;2022-11-14 09:21:35.5217517
Банк ПСБ;false;true;3.6;Москва;Более 5000 сотрудников;82;https://career.habr.com/companies/psb;https://career.habr.com/companies?skills%5B%5D=1012&with_ratings=1;2022-11-14 09:21:35.5227514
TINKOFF;false;true;4.36;Москва;Более 5000 сотрудников;61;https://career.habr.com/companies/tinkoff;https://career.habr.com/companies?skills%5B%5D=1012&with_ratings=1;2022-11-14 09:21:35.5237514
Магнит;false;true;3.8;Краснодар;Более 5000 сотрудников;60;https://career.habr.com/companies/magnit;https://career.habr.com/companies?skills%5B%5D=1012&with_ratings=1;2022-11-14 09:21:35.5247519
Газпромбанк;false;false;4.19;Москва;Более 5000 сотрудников;55;https://career.habr.com/companies/gazprombank;https://career.habr.com/companies?skills%5B%5D=1012&with_ratings=1;2022-11-14 09:21:35.5257515
SberTech;true;true;3.76;Москва;Более 5000 сотрудников;55;https://career.habr.com/companies/sbertech;https://career.habr.com/companies?skills%5B%5D=1012&with_ratings=1;2022-11-14 09:21:35.5267682
ЛАНИТ;true;true;4.72;Москва;Более 5000 сотрудников;53;https://career.habr.com/companies/lanit;https://career.habr.com/companies?skills%5B%5D=1012&with_ratings=1;2022-11-14 09:21:35.5277511
Ростелеком;false;true;3.24;Москва;Более 5000 сотрудников;37;https://career.habr.com/companies/rostelecom;https://career.habr.com/companies?skills%5B%5D=1012&with_ratings=1;2022-11-14 09:21:35.5277511
beeline;true;true;4.3;Москва;Более 5000 сотрудников;29;https://career.habr.com/companies/beeline;https://career.habr.com/companies?skills%5B%5D=1012&with_ratings=1;2022-11-14 09:21:35.5287529
Банк ВТБ;false;true;3.37;Москва;Более 5000 сотрудников;28;https://career.habr.com/companies/vtb;https://career.habr.com/companies?skills%5B%5D=1012&with_ratings=1;2022-11-14 09:21:35.5287529
ДОМ.РФ;false;true;4.52;Москва;От 1000 до 5000 сотрудников;27;https://career.habr.com/companies/domrf;https://career.habr.com/companies?skills%5B%5D=1012&with_ratings=1;2022-11-14 09:21:35.5287529
Aston (ex. Andersen);true;false;4.68;Санкт-Петербург;От 1000 до 5000 сотрудников;27;https://career.habr.com/companies/aston;https://career.habr.com/companies?skills%5B%5D=1012&with_ratings=1;2022-11-14 09:21:35.5287529
Яндекс;false;true;4.19;Москва;Более 5000 сотрудников;19;https://career.habr.com/companies/yandex;https://career.habr.com/companies?skills%5B%5D=1012&with_ratings=1;2022-11-14 09:21:35.5287529
Сибур;true;true;4.09;Москва;Более 5000 сотрудников;17;https://career.habr.com/companies/sibur;https://career.habr.com/companies?skills%5B%5D=1012&with_ratings=1;2022-11-14 09:21:35.5297534
АО «ГНИВЦ»;false;true;4.8;Москва;От 1000 до 5000 сотрудников;15;https://career.habr.com/companies/gnivc;https://career.habr.com/companies?skills%5B%5D=1012&with_ratings=1;2022-11-14 09:21:35.5297534
АльфаСтрахование;false;true;3.27;Москва;От 1000 до 5000 сотрудников;16;https://career.habr.com/companies/alfastrah;https://career.habr.com/companies?skills%5B%5D=1012&with_ratings=1;2022-11-14 09:21:35.5297534
2GIS;true;true;4.6;Новосибирск;От 1000 до 5000 сотрудников;14;https://career.habr.com/companies/2gis;https://career.habr.com/companies?skills%5B%5D=1012&with_ratings=1;2022-11-14 09:21:35.5297534
Neoflex;true;true;4.12;Москва;От 1000 до 5000 сотрудников;14;https://career.habr.com/companies/neoflex-ru;https://career.habr.com/companies?page=2&skills%5B%5D=1012&with_ratings=1;2022-11-14 09:21:36.7430261
КРОК;true;true;4.67;Москва;От 1000 до 5000 сотрудников;12;https://career.habr.com/companies/croc;https://career.habr.com/companies?page=2&skills%5B%5D=1012&with_ratings=1;2022-11-14 09:21:36.7440265
МегаФон;true;true;4.01;Москва;Более 5000 сотрудников;12;https://career.habr.com/companies/megafon;https://career.habr.com/companies?page=2&skills%5B%5D=1012&with_ratings=1;2022-11-14 09:21:36.7440265
Росбанк;false;true;3.71;Москва;Более 5000 сотрудников;11;https://career.habr.com/companies/rosbank;https://career.habr.com/companies?page=2&skills%5B%5D=1012&with_ratings=1;2022-11-14 09:21:36.7440265
InfoWatch;false;true;4.76;Москва;От 100 до 1000 сотрудников;10;https://career.habr.com/companies/infowatch;https://career.habr.com/companies?page=2&skills%5B%5D=1012&with_ratings=1;2022-11-14 09:21:36.7450266
Альфа Банк;false;true;4.63;Москва;Более 5000 сотрудников;10;https://career.habr.com/companies/alfabank;https://career.habr.com/companies?page=2&skills%5B%5D=1012&with_ratings=1;2022-11-14 09:21:36.7450266
Okko;false;true;4.07;Санкт-Петербург;От 100 до 1000 сотрудников;9;https://career.habr.com/companies/okko;https://career.habr.com/companies?page=2&skills%5B%5D=1012&with_ratings=1;2022-11-14 09:21:36.7450266
ВСК;false;true;3.86;Москва;Более 5000 сотрудников;8;https://career.habr.com/companies/vsk;https://career.habr.com/companies?page=2&skills%5B%5D=1012&with_ratings=1;2022-11-14 09:21:36.7450266
Банк «Открытие»;false;true;3.6;Москва;Более 5000 сотрудников;8;https://career.habr.com/companies/openbank;https://career.habr.com/companies?page=2&skills%5B%5D=1012&with_ratings=1;2022-11-14 09:21:36.7450266
СберМаркет;false;true;4.11;Москва;От 100 до 1000 сотрудников;7;https://career.habr.com/companies/sbermarket;https://career.habr.com/companies?page=2&skills%5B%5D=1012&with_ratings=1;2022-11-14 09:21:36.7460269
Домклик;false;true;4.57;Москва;От 1000 до 5000 сотрудников;7;https://career.habr.com/companies/domclick;https://career.habr.com/companies?page=2&skills%5B%5D=1012&with_ratings=1;2022-11-14 09:21:36.7460269
Звук;true;false;4.31;Москва;От 100 до 1000 сотрудников;7;https://career.habr.com/companies/zvuk;https://career.habr.com/companies?page=2&skills%5B%5D=1012&with_ratings=1;2022-11-14 09:21:36.7460269
NAUMEN;false;true;4.63;Москва;От 100 до 1000 сотрудников;6;https://career.habr.com/companies/nau-men;https://career.habr.com/companies?page=2&skills%5B%5D=1012&with_ratings=1;2022-11-14 09:21:36.7460269
QIWI;false;true;4.73;Москва;От 1000 до 5000 сотрудников;6;https://career.habr.com/companies/qiwi;https://career.habr.com/companies?page=2&skills%5B%5D=1012&with_ratings=1;2022-11-14 09:21:36.7460269
СофтТелематика;true;false;4.73;Москва;От 100 до 1000 сотрудников;6;https://career.habr.com/companies/softtelematika;https://career.habr.com/companies?page=2&skills%5B%5D=1012&with_ratings=1;2022-11-14 09:21:36.7470271
GlowByte;false;true;4.47;Москва;От 1000 до 5000 сотрудников;5;https://career.habr.com/companies/glowbyte;https://career.habr.com/companies?page=2&skills%5B%5D=1012&with_ratings=1;2022-11-14 09:21:36.7470271
Моризо Digital;true;false;4.58;Нижний Новгород;От 10 до 100 сотрудников;5;https://career.habr.com/companies/morizo;https://career.habr.com/companies?page=2&skills%5B%5D=1012&with_ratings=1;2022-11-14 09:21:36.7470271
MediaSoft;true;false;4.84;Ульяновск;От 100 до 1000 сотрудников;5;https://career.habr.com/companies/mediasoft;https://career.habr.com/companies?page=2&skills%5B%5D=1012&with_ratings=1;2022-11-14 09:21:36.7470271
Mercury Development;false;false;4.67;Самара;От 100 до 1000 сотрудников;4;https://career.habr.com/companies/mercdev-com;https://career.habr.com/companies?page=2&skills%5B%5D=1012&with_ratings=1;2022-11-14 09:21:36.7480271
Alternativa Games;false;false;4.53;Пермь;От 10 до 100 сотрудников;4;https://career.habr.com/companies/alternativagames-url;https://career.habr.com/companies?page=2&skills%5B%5D=1012&with_ratings=1;2022-11-14 09:21:36.7480271
Right Line;false;false;4.73;Москва;От 10 до 100 сотрудников;4;https://career.habr.com/companies/rightline;https://career.habr.com/companies?page=2&skills%5B%5D=1012&with_ratings=1;2022-11-14 09:21:36.7480271
Лига Цифровой Экономики;true;true;4.21;Москва;Более 5000 сотрудников;4;https://career.habr.com/companies/digitalleague;https://career.habr.com/companies?page=2&skills%5B%5D=1012&with_ratings=1;2022-11-14 09:21:36.7490275
Мир Plat.Form (НСПК);false;true;4.72;Москва;От 1000 до 5000 сотрудников;3;https://career.habr.com/companies/nspk;https://career.habr.com/companies?page=2&skills%5B%5D=1012&with_ratings=1;2022-11-14 09:21:36.7490275
Ростелеком Информационные Технологии;false;false;4.22;Москва;От 1000 до 5000 сотрудников;3;https://career.habr.com/companies/rtk-it;https://career.habr.com/companies?page=2&skills%5B%5D=1012&with_ratings=1;2022-11-14 09:21:36.7490275
CINIMEX;true;false;4.75;Москва;От 100 до 1000 сотрудников;3;https://career.habr.com/companies/cinimex;https://career.habr.com/companies?page=2&skills%5B%5D=1012&with_ratings=1;2022-11-14 09:21:36.7490275
Ростелеком-Солар;true;true;4.38;Москва;От 1000 до 5000 сотрудников;3;https://career.habr.com/companies/solarsecurity;https://career.habr.com/companies?page=3&skills%5B%5D=1012&with_ratings=1;2022-11-14 09:21:37.8977055
Nexign;true;true;4.16;Санкт-Петербург;От 1000 до 5000 сотрудников;3;https://career.habr.com/companies/nexign;https://career.habr.com/companies?page=3&skills%5B%5D=1012&with_ratings=1;2022-11-14 09:21:37.8987053
HFLabs;true;true;4.86;Москва;От 10 до 100 сотрудников;3;https://career.habr.com/companies/hflabs;https://career.habr.com/companies?page=3&skills%5B%5D=1012&with_ratings=1;2022-11-14 09:21:37.8987053
СберКорус;false;true;3.65;Санкт-Петербург;От 1000 до 5000 сотрудников;3;https://career.habr.com/companies/esphere;https://career.habr.com/companies?page=3&skills%5B%5D=1012&with_ratings=1;2022-11-14 09:21:37.8987053
AGIMA;true;true;4.66;Москва;От 100 до 1000 сотрудников;3;https://career.habr.com/companies/agima;https://career.habr.com/companies?page=3&skills%5B%5D=1012&with_ratings=1;2022-11-14 09:21:37.8987053
Ситимобил;false;true;4.21;Москва;От 1000 до 5000 сотрудников;3;https://career.habr.com/companies/citymobil;https://career.habr.com/companies?page=3&skills%5B%5D=1012&with_ratings=1;2022-11-14 09:21:37.8987053
IRLIX;true;false;4.42;Ульяновск;От 100 до 1000 сотрудников;2;https://career.habr.com/companies/irlix;https://career.habr.com/companies?page=3&skills%5B%5D=1012&with_ratings=1;2022-11-14 09:21:37.8987053
Циан;true;true;4.74;Москва;От 100 до 1000 сотрудников;2;https://career.habr.com/companies/cian-url;https://career.habr.com/companies?page=3&skills%5B%5D=1012&with_ratings=1;2022-11-14 09:21:37.899706
Mechanica;true;false;4.82;Самара;От 10 до 100 сотрудников;2;https://career.habr.com/companies/mechanica-agency;https://career.habr.com/companies?page=3&skills%5B%5D=1012&with_ratings=1;2022-11-14 09:21:37.899706
Eltex;true;false;3.97;Новосибирск;От 1000 до 5000 сотрудников;2;https://career.habr.com/companies/eltex;https://career.habr.com/companies?page=3&skills%5B%5D=1012&with_ratings=1;2022-11-14 09:21:37.899706
WaveAccess;true;false;4.52;Санкт-Петербург;От 100 до 1000 сотрудников;2;https://career.habr.com/companies/company-waveaccess;https://career.habr.com/companies?page=3&skills%5B%5D=1012&with_ratings=1;2022-11-14 09:21:37.899706
Renue;false;false;4.83;Екатеринбург;От 10 до 100 сотрудников;2;https://career.habr.com/companies/renue;https://career.habr.com/companies?page=3&skills%5B%5D=1012&with_ratings=1;2022-11-14 09:21:37.899706
Центр Финансовых Технологий;false;true;3.87;Новосибирск;От 1000 до 5000 сотрудников;2;https://career.habr.com/companies/cft;https://career.habr.com/companies?page=3&skills%5B%5D=1012&with_ratings=1;2022-11-14 09:21:37.899706
Orion Innovation;true;true;3.86;Нижний Новгород;От 1000 до 5000 сотрудников;1;https://career.habr.com/companies/orioninc;https://career.habr.com/companies?page=3&skills%5B%5D=1012&with_ratings=1;2022-11-14 09:21:37.899706
Группа компаний FIX;false;false;4.28;Казань;От 100 до 1000 сотрудников;1;https://career.habr.com/companies/company-fix;https://career.habr.com/companies?page=3&skills%5B%5D=1012&with_ratings=1;2022-11-14 09:21:37.902707
ЭР-Телеком Холдинг;false;false;3.33;Москва;Более 5000 сотрудников;1;https://career.habr.com/companies/ertelecom;https://career.habr.com/companies?page=3&skills%5B%5D=1012&with_ratings=1;2022-11-14 09:21:37.902707
BIA-Technologies;true;false;4.81;Санкт-Петербург;От 100 до 1000 сотрудников;1;https://career.habr.com/companies/biatech;https://career.habr.com/companies?page=3&skills%5B%5D=1012&with_ratings=1;2022-11-14 09:21:37.902707
Reliable systems;false;false;4.8;Пенза;От 10 до 100 сотрудников;1;https://career.habr.com/companies/relsys;https://career.habr.com/companies?page=3&skills%5B%5D=1012&with_ratings=1;2022-11-14 09:21:37.9037076
Sibdev;false;false;4.07;Красноярск;От 10 до 100 сотрудников;1;https://career.habr.com/companies/sibdev;https://career.habr.com/companies?page=3&skills%5B%5D=1012&with_ratings=1;2022-11-14 09:21:37.9037076
ЮMoney;false;true;4.28;Москва;От 100 до 1000 сотрудников;1;https://career.habr.com/companies/yoomoneyru;https://career.habr.com/companies?page=3&skills%5B%5D=1012&with_ratings=1;2022-11-14 09:21:37.9047085
RapidSoft;true;true;4.86;Москва;От 10 до 100 сотрудников;1;https://career.habr.com/companies/rapidsoft;https://career.habr.com/companies?page=3&skills%5B%5D=1012&with_ratings=1;2022-11-14 09:21:37.9047085
Fabrique;false;false;3.37;Москва;От 10 до 100 сотрудников;1;https://career.habr.com/companies/fabrique;https://career.habr.com/companies?page=3&skills%5B%5D=1012&with_ratings=1;2022-11-14 09:21:37.9047085
A2SEVEN;true;true;4.67;Таганрог;От 10 до 100 сотрудников;1;https://career.habr.com/companies/a2seven;https://career.habr.com/companies?page=3&skills%5B%5D=1012&with_ratings=1;2022-11-14 09:21:37.9057081
DatsTeam;false;false;4.5;;От 100 до 1000 сотрудников;1;https://career.habr.com/companies/datsteam-url;https://career.habr.com/companies?page=3&skills%5B%5D=1012&with_ratings=1;2022-11-14 09:21:37.9057081
Sibedge;false;false;4.56;;От 100 до 1000 сотрудников;1;https://career.habr.com/companies/sibedge;https://career.habr.com/companies?page=3&skills%5B%5D=1012&with_ratings=1;2022-11-14 09:21:37.9057081
Связной;false;false;3.18;Москва;Более 5000 сотрудников;0;https://career.habr.com/companies/svyaznoy;https://career.habr.com/companies?page=4&skills%5B%5D=1012&with_ratings=1;2022-11-14 09:21:39.058907
ФИНАМ;false;false;4.07;Москва;От 1000 до 5000 сотрудников;0;https://career.habr.com/companies/finam;https://career.habr.com/companies?page=4&skills%5B%5D=1012&with_ratings=1;2022-11-14 09:21:39.058907
Align Technology;false;true;4.61;Москва;От 1000 до 5000 сотрудников;0;https://career.habr.com/companies/aligntechnology;https://career.habr.com/companies?page=4&skills%5B%5D=1012&with_ratings=1;2022-11-14 09:21:39.0599075
Аплана Софтвер;false;false;3.74;Москва;От 100 до 1000 сотрудников;0;https://career.habr.com/companies/aplana-soft;https://career.habr.com/companies?page=4&skills%5B%5D=1012&with_ratings=1;2022-11-14 09:21:39.0609087
Scrile;false;false;4.83;Новосибирск;От 10 до 100 сотрудников;0;https://career.habr.com/companies/softservice;https://career.habr.com/companies?page=4&skills%5B%5D=1012&with_ratings=1;2022-11-14 09:21:39.0609087
Eastwind;false;false;4.08;Екатеринбург;От 100 до 1000 сотрудников;0;https://career.habr.com/companies/eastwind;https://career.habr.com/companies?page=4&skills%5B%5D=1012&with_ratings=1;2022-11-14 09:21:39.0609087
Fastdev AB;false;false;4.33;Стокгольм;От 100 до 1000 сотрудников;0;https://career.habr.com/companies/fastdev;https://career.habr.com/companies?page=4&skills%5B%5D=1012&with_ratings=1;2022-11-14 09:21:39.0609087
М.Видео-Эльдорадо;false;true;3.69;Москва;Более 5000 сотрудников;0;https://career.habr.com/companies/mvideo-eldorado;https://career.habr.com/companies?page=4&skills%5B%5D=1012&with_ratings=1;2022-11-14 09:21:39.0609087
Mobile Dimension;false;true;4.5;Москва;От 10 до 100 сотрудников;0;https://career.habr.com/companies/mobiledimension;https://career.habr.com/companies?page=4&skills%5B%5D=1012&with_ratings=1;2022-11-14 09:21:39.0619085
Ventra, Ventra Go!;false;false;3.73;Москва;Более 5000 сотрудников;0;https://career.habr.com/companies/ventrait;https://career.habr.com/companies?page=4&skills%5B%5D=1012&with_ratings=1;2022-11-14 09:21:39.0619085
Строительный Двор;false;false;4.17;Тюмень;От 1000 до 5000 сотрудников;0;https://career.habr.com/companies/sdvor;https://career.habr.com/companies?page=4&skills%5B%5D=1012&with_ratings=1;2022-11-14 09:21:39.0619085
Облачные технологии;false;false;4.12;Нижний Новгород;От 10 до 100 сотрудников;0;https://career.habr.com/companies/cloudstechnologies;https://career.habr.com/companies?page=4&skills%5B%5D=1012&with_ratings=1;2022-11-14 09:21:39.0619085
Росэлторг;false;true;4.53;Москва;От 100 до 1000 сотрудников;0;https://career.habr.com/companies/roseltorg;https://career.habr.com/companies?page=4&skills%5B%5D=1012&with_ratings=1;2022-11-14 09:21:39.0629084
App-Smart;false;false;4.48;Краснодар;От 10 до 100 сотрудников;0;https://career.habr.com/companies/app-smart;https://career.habr.com/companies?page=4&skills%5B%5D=1012&with_ratings=1;2022-11-14 09:21:39.0629084
CloudAlly a Zix company;false;false;4.47;Раанана;От 10 до 100 сотрудников;0;https://career.habr.com/companies/cloudally;https://career.habr.com/companies?page=4&skills%5B%5D=1012&with_ratings=1;2022-11-14 09:21:39.0649087
Ассоциация ОПТИМ;false;false;4.9;;От 10 до 100 сотрудников;0;https://career.habr.com/companies/optim;https://career.habr.com/companies?page=4&skills%5B%5D=1012&with_ratings=1;2022-11-14 09:21:39.0709102
Percona;false;false;4.65;Рейли-Дурам;От 100 до 1000 сотрудников;0;https://career.habr.com/companies/percona;https://career.habr.com/companies?page=4&skills%5B%5D=1012&with_ratings=1;2022-11-14 09:21:39.0719109
Datana;false;true;4.7;Москва;От 10 до 100 сотрудников;0;https://career.habr.com/companies/datana;https://career.habr.com/companies?page=4&skills%5B%5D=1012&with_ratings=1;2022-11-14 09:21:39.0719109
Специальный Технологический Центр;false;false;3.43;Санкт-Петербург;От 1000 до 5000 сотрудников;0;https://career.habr.com/companies/stc-spb;https://career.habr.com/companies?page=4&skills%5B%5D=1012&with_ratings=1;2022-11-14 09:21:39.0719109
Teamlead;false;false;4.71;Краснодар;От 10 до 100 сотрудников;0;https://career.habr.com/companies/teamleadcom;https://career.habr.com/companies?page=4&skills%5B%5D=1012&with_ratings=1;2022-11-14 09:21:39.0719109
ТомскАСУпроект;false;false;3.99;Томск;От 10 до 100 сотрудников;0;https://career.habr.com/companies/tomskasu;https://career.habr.com/companies?page=4&skills%5B%5D=1012&with_ratings=1;2022-11-14 09:21:39.0729111
KMS Lighthouse;false;false;4.57;Санкт-Петербург;От 10 до 100 сотрудников;0;https://career.habr.com/companies/kmslh;https://career.habr.com/companies?page=4&skills%5B%5D=1012&with_ratings=1;2022-11-14 09:21:39.0729111
Web3 Tech;true;true;4.69;Москва;От 100 до 1000 сотрудников;0;https://career.habr.com/companies/web3tech;https://career.habr.com/companies?page=4&skills%5B%5D=1012&with_ratings=1;2022-11-14 09:21:39.0729111
Метр квадратный;true;true;4.81;Москва;От 100 до 1000 сотрудников;0;https://career.habr.com/companies/m2tech;https://career.habr.com/companies?page=4&skills%5B%5D=1012&with_ratings=1;2022-11-14 09:21:39.0729111
Stream;false;false;4.17;Москва;От 100 до 1000 сотрудников;0;https://career.habr.com/companies/streamllc;https://career.habr.com/companies?page=4&skills%5B%5D=1012&with_ratings=1;2022-11-14 09:21:39.0729111
HR Prime;false;false;4.77;Москва;От 10 до 100 сотрудников;0;https://career.habr.com/companies/hrprime;https://career.habr.com/companies?page=5&skills%5B%5D=1012&with_ratings=1;2022-11-14 09:21:40.1087432
SSP SOFT;true;false;4.72;Москва;От 100 до 1000 сотрудников;0;https://career.habr.com/companies/ssp-soft;https://career.habr.com/companies?page=5&skills%5B%5D=1012&with_ratings=1;2022-11-14 09:21:40.1097443
Crystal Service Integration;false;true;4.15;Санкт-Петербург;От 100 до 1000 сотрудников;0;https://career.habr.com/companies/csi;https://career.habr.com/companies?page=5&skills%5B%5D=1012&with_ratings=1;2022-11-14 09:21:40.1097443
ROGII;false;false;4.66;Москва;От 100 до 1000 сотрудников;0;https://career.habr.com/companies/rogii;https://career.habr.com/companies?page=5&skills%5B%5D=1012&with_ratings=1;2022-11-14 09:21:40.1097443
Честный ЗНАК;true;true;4.58;Москва;От 100 до 1000 сотрудников;0;https://career.habr.com/companies/chestnyznak;https://career.habr.com/companies?page=5&skills%5B%5D=1012&with_ratings=1;2022-11-14 09:21:40.1097443
Grid Dynamics;false;false;4.45;;От 1000 до 5000 сотрудников;0;https://career.habr.com/companies/griddynamics;https://career.habr.com/companies?page=5&skills%5B%5D=1012&with_ratings=1;2022-11-14 09:21:40.1097443
Рексофт;false;true;4.64;Санкт-Петербург;От 100 до 1000 сотрудников;0;https://career.habr.com/companies/reksoft;https://career.habr.com/companies?page=5&skills%5B%5D=1012&with_ratings=1;2022-11-14 09:21:40.1097443
Dell Technologies;false;true;4.47;Москва;От 100 до 1000 сотрудников;0;https://career.habr.com/companies/delltechnologies;https://career.habr.com/companies?page=5&skills%5B%5D=1012&with_ratings=1;2022-11-14 09:21:40.1097443
Raft Digital Solutions;false;false;4.04;Ярославль;От 10 до 100 сотрудников;0;https://career.habr.com/companies/raft;https://career.habr.com/companies?page=5&skills%5B%5D=1012&with_ratings=1;2022-11-14 09:21:40.1107454
Deutsche Bank;false;true;4.25;Москва;Более 5000 сотрудников;0;https://career.habr.com/companies/db;https://career.habr.com/companies?page=5&skills%5B%5D=1012&with_ratings=1;2022-11-14 09:21:40.1107454
Napoleon it;false;false;4.53;Челябинск;От 100 до 1000 сотрудников;0;https://career.habr.com/companies/napoleonit;https://career.habr.com/companies?page=5&skills%5B%5D=1012&with_ratings=1;2022-11-14 09:21:40.1107454
Skillbox;false;true;4.03;Москва;От 1000 до 5000 сотрудников;0;https://career.habr.com/companies/skillbox;https://career.habr.com/companies?page=5&skills%5B%5D=1012&with_ratings=1;2022-11-14 09:21:40.1117454
Aero;true;false;4.54;Москва;От 100 до 1000 сотрудников;0;https://career.habr.com/companies/aero;https://career.habr.com/companies?page=5&skills%5B%5D=1012&with_ratings=1;2022-11-14 09:21:40.1117454
Nord Clan;true;false;4.54;Ульяновск;От 100 до 1000 сотрудников;0;https://career.habr.com/companies/nordclan;https://career.habr.com/companies?page=5&skills%5B%5D=1012&with_ratings=1;2022-11-14 09:21:40.1117454
Диасофт;true;false;3.95;Москва;От 1000 до 5000 сотрудников;0;https://career.habr.com/companies/diasoft;https://career.habr.com/companies?page=5&skills%5B%5D=1012&with_ratings=1;2022-11-14 09:21:40.1117454
Yota;false;true;4.46;Санкт-Петербург;От 1000 до 5000 сотрудников;0;https://career.habr.com/companies/yota;https://career.habr.com/companies?page=5&skills%5B%5D=1012&with_ratings=1;2022-11-14 09:21:40.1117454
Ньютон Технологии;false;false;4.62;Москва;От 10 до 100 сотрудников;0;https://career.habr.com/companies/nwtn-group;https://career.habr.com/companies?page=5&skills%5B%5D=1012&with_ratings=1;2022-11-14 09:21:40.1117454
BCS FinTech;false;true;3.69;Москва;Более 5000 сотрудников;0;https://career.habr.com/companies/bcs;https://career.habr.com/companies?page=5&skills%5B%5D=1012&with_ratings=1;2022-11-14 09:21:40.1127457
iFellow;true;false;4.63;Москва;От 100 до 1000 сотрудников;0;https://career.habr.com/companies/ifellow;https://career.habr.com/companies?page=5&skills%5B%5D=1012&with_ratings=1;2022-11-14 09:21:40.1127457
Ozon Tech;false;true;4.35;Москва;От 1000 до 5000 сотрудников;0;https://career.habr.com/companies/ozon;https://career.habr.com/companies?page=5&skills%5B%5D=1012&with_ratings=1;2022-11-14 09:21:40.1127457
Haulmont;true;true;4.6;Самара;От 100 до 1000 сотрудников;0;https://career.habr.com/companies/haulmont;https://career.habr.com/companies?page=5&skills%5B%5D=1012&with_ratings=1;2022-11-14 09:21:40.1127457
ОТР;true;true;4.28;Москва;От 1000 до 5000 сотрудников;0;https://career.habr.com/companies/otr;https://career.habr.com/companies?page=5&skills%5B%5D=1012&with_ratings=1;2022-11-14 09:21:40.1137453
Работа.ру;true;true;4.41;Москва;От 100 до 1000 сотрудников;0;https://career.habr.com/companies/rabota-ru;https://career.habr.com/companies?page=5&skills%5B%5D=1012&with_ratings=1;2022-11-14 09:21:40.1147451
ИнфоТеКС;true;false;3.51;Москва;От 1000 до 5000 сотрудников;0;https://career.habr.com/companies/infotecs;https://career.habr.com/companies?page=5&skills%5B%5D=1012&with_ratings=1;2022-11-14 09:21:40.1147451
Netcracker Technology;false;true;4.16;Москва;Более 5000 сотрудников;0;https://career.habr.com/companies/netcrackercom;https://career.habr.com/companies?page=5&skills%5B%5D=1012&with_ratings=1;2022-11-14 09:21:40.1147451
AT Consulting;false;true;3.86;Москва;От 1000 до 5000 сотрудников;0;https://career.habr.com/companies/at-consulting;https://career.habr.com/companies?page=6&skills%5B%5D=1012&with_ratings=1;2022-11-14 09:21:41.3753316
Star-staff;false;false;4.1;Москва;От 10 до 100 сотрудников;0;https://career.habr.com/companies/star-staff;https://career.habr.com/companies?page=6&skills%5B%5D=1012&with_ratings=1;2022-11-14 09:21:41.3753316
HeadHunter;false;true;4.64;Москва;От 100 до 1000 сотрудников;0;https://career.habr.com/companies/hh;https://career.habr.com/companies?page=6&skills%5B%5D=1012&with_ratings=1;2022-11-14 09:21:41.3773324
DIS Group;false;false;4.89;Москва;От 100 до 1000 сотрудников;0;https://career.habr.com/companies/dis-group;https://career.habr.com/companies?page=6&skills%5B%5D=1012&with_ratings=1;2022-11-14 09:21:41.3773324
Ready for Sky;false;true;3.03;Санкт-Петербург;От 10 до 100 сотрудников;0;https://career.habr.com/companies/readyforsky;https://career.habr.com/companies?page=6&skills%5B%5D=1012&with_ratings=1;2022-11-14 09:21:41.3773324
Altarix;false;false;2.6;Москва;От 100 до 1000 сотрудников;0;https://career.habr.com/companies/company-altarix;https://career.habr.com/companies?page=6&skills%5B%5D=1012&with_ratings=1;2022-11-14 09:21:41.3773324
Лайв Тайпинг;false;true;4.66;Омск;От 10 до 100 сотрудников;0;https://career.habr.com/companies/ltst;https://career.habr.com/companies?page=6&skills%5B%5D=1012&with_ratings=1;2022-11-14 09:21:41.3773324
Hemmersbach;false;false;4.61;Санкт-Петербург;От 1000 до 5000 сотрудников;0;https://career.habr.com/companies/hemmersbach;https://career.habr.com/companies?page=6&skills%5B%5D=1012&with_ratings=1;2022-11-14 09:21:41.3773324
FINCH;false;false;4.4;Москва;От 10 до 100 сотрудников;0;https://career.habr.com/companies/finch;https://career.habr.com/companies?page=6&skills%5B%5D=1012&with_ratings=1;2022-11-14 09:21:41.3773324
Перфоманс Лаб;false;false;3.86;Москва;От 100 до 1000 сотрудников;0;https://career.habr.com/companies/performancelab;https://career.habr.com/companies?page=6&skills%5B%5D=1012&with_ratings=1;2022-11-14 09:21:41.3773324
Digex Co.;false;false;4.58;;От 10 до 100 сотрудников;0;https://career.habr.com/companies/digexco;https://career.habr.com/companies?page=6&skills%5B%5D=1012&with_ratings=1;2022-11-14 09:21:41.3773324
Inventale;false;false;4.9;Самара;От 10 до 100 сотрудников;0;https://career.habr.com/companies/inventale;https://career.habr.com/companies?page=6&skills%5B%5D=1012&with_ratings=1;2022-11-14 09:21:41.3783335
IT-Aces;false;false;4.86;Переславль-Залесский;От 10 до 100 сотрудников;0;https://career.habr.com/companies/it-aces;https://career.habr.com/companies?page=6&skills%5B%5D=1012&with_ratings=1;2022-11-14 09:21:41.3783335
Цифровые привычки;true;false;4.46;Новосибирск;От 10 до 100 сотрудников;0;https://career.habr.com/companies/digitalhabits;https://career.habr.com/companies?page=6&skills%5B%5D=1012&with_ratings=1;2022-11-14 09:21:41.3783335
SoftMediaLab;true;false;4.82;Екатеринбург;От 10 до 100 сотрудников;0;https://career.habr.com/companies/softmedialab;https://career.habr.com/companies?page=6&skills%5B%5D=1012&with_ratings=1;2022-11-14 09:21:41.3783335
BSS;true;false;3.96;Москва;От 100 до 1000 сотрудников;0;https://career.habr.com/companies/bssys;https://career.habr.com/companies?page=6&skills%5B%5D=1012&with_ratings=1;2022-11-14 09:21:41.3783335
Syncretis;true;false;4.58;Санкт-Петербург;От 10 до 100 сотрудников;0;https://career.habr.com/companies/syncretis;https://career.habr.com/companies?page=6&skills%5B%5D=1012&with_ratings=1;2022-11-14 09:21:41.3783335
SquareGPS;true;false;4.01;Лос-Анджелес;От 10 до 100 сотрудников;0;https://career.habr.com/companies/squaregps;https://career.habr.com/companies?page=6&skills%5B%5D=1012&with_ratings=1;2022-11-14 09:21:41.3783335
Credit.Club;true;false;4.82;Екатеринбург;От 10 до 100 сотрудников;0;https://career.habr.com/companies/creditclub;https://career.habr.com/companies?page=6&skills%5B%5D=1012&with_ratings=1;2022-11-14 09:21:41.3783335
i-Sys;true;false;4.46;Самара;От 100 до 1000 сотрудников;0;https://career.habr.com/companies/i-sys;https://career.habr.com/companies?page=6&skills%5B%5D=1012&with_ratings=1;2022-11-14 09:21:41.3783335
ММТР Технологии;false;false;4.49;Кострома;От 100 до 1000 сотрудников;0;https://career.habr.com/companies/mmtr;https://career.habr.com/companies?page=6&skills%5B%5D=1012&with_ratings=1;2022-11-14 09:21:41.3783335
Compass Plus;true;false;4.24;Магнитогорск;От 100 до 1000 сотрудников;0;https://career.habr.com/companies/compassplus;https://career.habr.com/companies?page=6&skills%5B%5D=1012&with_ratings=1;2022-11-14 09:21:41.3783335
Arrival;false;false;4.54;Санкт-Петербург;От 1000 до 5000 сотрудников;0;https://career.habr.com/companies/arrival;https://career.habr.com/companies?page=6&skills%5B%5D=1012&with_ratings=1;2022-11-14 09:21:41.3783335
Badoo Development;false;true;4.55;Москва;От 100 до 1000 сотрудников;0;https://career.habr.com/companies/badoo;https://career.habr.com/companies?page=6&skills%5B%5D=1012&with_ratings=1;2022-11-14 09:21:41.3783335
Huawei Technologies Co.;false;true;3.65;Москва;Более 5000 сотрудников;0;https://career.habr.com/companies/huawei;https://career.habr.com/companies?page=6&skills%5B%5D=1012&with_ratings=1;2022-11-14 09:21:41.3783335
Veeam Software;false;true;4.1;;От 1000 до 5000 сотрудников;0;https://career.habr.com/companies/veeam;https://career.habr.com/companies?page=7&skills%5B%5D=1012&with_ratings=1;2022-11-14 09:21:42.6210838
НПО «Криста»;true;true;2.51;Ярославль;От 1000 до 5000 сотрудников;0;https://career.habr.com/companies/krista;https://career.habr.com/companies?page=7&skills%5B%5D=1012&with_ratings=1;2022-11-14 09:21:42.6220838
DataArt;false;true;4.36;Ереван;Более 5000 сотрудников;0;https://career.habr.com/companies/dataart;https://career.habr.com/companies?page=7&skills%5B%5D=1012&with_ratings=1;2022-11-14 09:21:42.6220838
Intella;false;false;4.82;Санкт-Петербург;От 10 до 100 сотрудников;0;https://career.habr.com/companies/intella;https://career.habr.com/companies?page=7&skills%5B%5D=1012&with_ratings=1;2022-11-14 09:21:42.6220838
AWG;false;false;4.86;Москва;От 100 до 1000 сотрудников;0;https://career.habr.com/companies/awg-ru;https://career.habr.com/companies?page=7&skills%5B%5D=1012&with_ratings=1;2022-11-14 09:21:42.6220838
СтилтСофт Девелопмент;false;false;4.94;;От 10 до 100 сотрудников;0;https://career.habr.com/companies/stilt;https://career.habr.com/companies?page=7&skills%5B%5D=1012&with_ratings=1;2022-11-14 09:21:42.6220838
Lamoda;false;true;4.58;Москва;Более 5000 сотрудников;0;https://career.habr.com/companies/lamoda;https://career.habr.com/companies?page=7&skills%5B%5D=1012&with_ratings=1;2022-11-14 09:21:42.6220838
Северсталь;false;true;4.47;Москва;Более 5000 сотрудников;0;https://career.habr.com/companies/severstal-com;https://career.habr.com/companies?page=7&skills%5B%5D=1012&with_ratings=1;2022-11-14 09:21:42.6220838
Surf;true;true;4.75;Воронеж;От 100 до 1000 сотрудников;0;https://career.habr.com/companies/surf;https://career.habr.com/companies?page=7&skills%5B%5D=1012&with_ratings=1;2022-11-14 09:21:42.6230841
SiFOX;false;false;4.8;Москва;От 10 до 100 сотрудников;0;https://career.habr.com/companies/sifox;https://career.habr.com/companies?page=7&skills%5B%5D=1012&with_ratings=1;2022-11-14 09:21:42.6230841
JetRuby;true;false;4.39;Сан-Франциско и район залива;От 100 до 1000 сотрудников;0;https://career.habr.com/companies/jetruby;https://career.habr.com/companies?page=7&skills%5B%5D=1012&with_ratings=1;2022-11-14 09:21:42.6230841
CDEK IT;false;true;4.35;Новосибирск;От 100 до 1000 сотрудников;0;https://career.habr.com/companies/cdek;https://career.habr.com/companies?page=7&skills%5B%5D=1012&with_ratings=1;2022-11-14 09:21:42.6230841
МойСклад;true;true;4.64;Москва;От 100 до 1000 сотрудников;0;https://career.habr.com/companies/moysklad;https://career.habr.com/companies?page=7&skills%5B%5D=1012&with_ratings=1;2022-11-14 09:21:42.6230841
Selecty;false;false;4.4;Москва;От 100 до 1000 сотрудников;0;https://career.habr.com/companies/selecty;https://career.habr.com/companies?page=7&skills%5B%5D=1012&with_ratings=1;2022-11-14 09:21:42.6230841
IBS;false;true;4.32;Москва;От 1000 до 5000 сотрудников;0;https://career.habr.com/companies/ibs;https://career.habr.com/companies?page=7&skills%5B%5D=1012&with_ratings=1;2022-11-14 09:21:42.6230841
inDrive;false;true;4.69;;От 1000 до 5000 сотрудников;0;https://career.habr.com/companies/indriver;https://career.habr.com/companies?page=7&skills%5B%5D=1012&with_ratings=1;2022-11-14 09:21:42.6230841
Heads and Hands;false;false;4.46;Санкт-Петербург;От 100 до 1000 сотрудников;0;https://career.habr.com/companies/handh;https://career.habr.com/companies?page=7&skills%5B%5D=1012&with_ratings=1;2022-11-14 09:21:42.6230841
Solit Clouds;true;false;4.89;Москва;От 100 до 1000 сотрудников;0;https://career.habr.com/companies/solitclouds;https://career.habr.com/companies?page=7&skills%5B%5D=1012&with_ratings=1;2022-11-14 09:21:42.6230841
Luxoft;false;true;4.65;;Более 5000 сотрудников;0;https://career.habr.com/companies/luxoft;https://career.habr.com/companies?page=7&skills%5B%5D=1012&with_ratings=1;2022-11-14 09:21:42.6230841
X5 Group;false;false;4.18;Москва;Более 5000 сотрудников;0;https://career.habr.com/companies/x5;https://career.habr.com/companies?page=7&skills%5B%5D=1012&with_ratings=1;2022-11-14 09:21:42.6230841
Axenix / ex-Accenture;true;true;4.38;Москва;От 1000 до 5000 сотрудников;0;https://career.habr.com/companies/axenix;https://career.habr.com/companies?page=7&skills%5B%5D=1012&with_ratings=1;2022-11-14 09:21:42.6230841
ТЕХНОКРАТИЯ;false;false;4.78;Казань;От 100 до 1000 сотрудников;0;https://career.habr.com/companies/technokratos;https://career.habr.com/companies?page=7&skills%5B%5D=1012&with_ratings=1;2022-11-14 09:21:42.6230841
Моё дело;false;false;3.5;Москва;От 100 до 1000 сотрудников;0;https://career.habr.com/companies/moedelo;https://career.habr.com/companies?page=7&skills%5B%5D=1012&with_ratings=1;2022-11-14 09:21:42.6230841
Aviasales.ru;false;false;4.85;Пхукет;От 100 до 1000 сотрудников;0;https://career.habr.com/companies/aviasales;https://career.habr.com/companies?page=7&skills%5B%5D=1012&with_ratings=1;2022-11-14 09:21:42.6230841
СПб ИАЦ;false;false;4.71;Санкт-Петербург;От 100 до 1000 сотрудников;0;https://career.habr.com/companies/iac-spb;https://career.habr.com/companies?page=7&skills%5B%5D=1012&with_ratings=1;2022-11-14 09:21:42.6230841
Центр разработки для обнаружения ошибок;false;false;4.43;Москва;От 100 до 1000 сотрудников;0;https://career.habr.com/companies/crdoo;https://career.habr.com/companies?page=8&skills%5B%5D=1012&with_ratings=1;2022-11-14 09:21:43.9780117
ОТП Банк;false;true;3.79;Москва;От 100 до 1000 сотрудников;0;https://career.habr.com/companies/otpbank;https://career.habr.com/companies?page=8&skills%5B%5D=1012&with_ratings=1;2022-11-14 09:21:43.9780117
Уралсиб;false;true;3.96;Москва;Более 5000 сотрудников;0;https://career.habr.com/companies/uralsib;https://career.habr.com/companies?page=8&skills%5B%5D=1012&with_ratings=1;2022-11-14 09:21:43.9780117
John Wiley & Sons;false;false;4.32;Королев;От 100 до 1000 сотрудников;0;https://career.habr.com/companies/wiley;https://career.habr.com/companies?page=8&skills%5B%5D=1012&with_ratings=1;2022-11-14 09:21:43.9780117
Miro;false;true;4.87;Амстердам;От 1000 до 5000 сотрудников;0;https://career.habr.com/companies/miro;https://career.habr.com/companies?page=8&skills%5B%5D=1012&with_ratings=1;2022-11-14 09:21:43.9780117
Эксперт-Система;false;false;4.66;Ростов-на-Дону;От 100 до 1000 сотрудников;0;https://career.habr.com/companies/expert-systema;https://career.habr.com/companies?page=8&skills%5B%5D=1012&with_ratings=1;2022-11-14 09:21:43.9780117
Wrike;false;true;4.67;Санкт-Петербург;От 1000 до 5000 сотрудников;0;https://career.habr.com/companies/wrike;https://career.habr.com/companies?page=8&skills%5B%5D=1012&with_ratings=1;2022-11-14 09:21:43.9780117
Revolut;false;false;4.59;Лондон;От 1000 до 5000 сотрудников;0;https://career.habr.com/companies/revolut;https://career.habr.com/companies?page=8&skills%5B%5D=1012&with_ratings=1;2022-11-14 09:21:43.9780117
Whisk;false;false;4.59;;От 10 до 100 сотрудников;0;https://career.habr.com/companies/whisk;https://career.habr.com/companies?page=8&skills%5B%5D=1012&with_ratings=1;2022-11-14 09:21:43.9780117
PARMA Technologies Group;false;false;4.26;Пермь;От 100 до 1000 сотрудников;0;https://career.habr.com/companies/parma;https://career.habr.com/companies?page=8&skills%5B%5D=1012&with_ratings=1;2022-11-14 09:21:43.9780117
Zaycev.net;false;false;2.97;Челябинск;От 10 до 100 сотрудников;0;https://career.habr.com/companies/zaycev-net;https://career.habr.com/companies?page=8&skills%5B%5D=1012&with_ratings=1;2022-11-14 09:21:43.9780117
IT ATLAS;false;false;4.45;Москва;От 10 до 100 сотрудников;0;https://career.habr.com/companies/itatlas;https://career.habr.com/companies?page=8&skills%5B%5D=1012&with_ratings=1;2022-11-14 09:21:43.9780117
{Raketa};false;false;4.78;Краснодар;От 10 до 100 сотрудников;0;https://career.habr.com/companies/raketa-im;https://career.habr.com/companies?page=8&skills%5B%5D=1012&with_ratings=1;2022-11-14 09:21:43.979012
Home Credit Bank;false;true;3.97;Москва;Более 5000 сотрудников;0;https://career.habr.com/companies/hcb;https://career.habr.com/companies?page=8&skills%5B%5D=1012&with_ratings=1;2022-11-14 09:21:43.979012
Upwork;false;false;3.96;;От 100 до 1000 сотрудников;0;https://career.habr.com/companies/upwork;https://career.habr.com/companies?page=8&skills%5B%5D=1012&with_ratings=1;2022-11-14 09:21:43.979012
Mediapark Group;false;false;4.15;Вильнюс;От 100 до 1000 сотрудников;0;https://career.habr.com/companies/mediapark-group;https://career.habr.com/companies?page=8&skills%5B%5D=1012&with_ratings=1;2022-11-14 09:21:43.979012
Metacommerce;false;false;4.65;Москва;От 10 до 100 сотрудников;0;https://career.habr.com/companies/metacommerce;https://career.habr.com/companies?page=8&skills%5B%5D=1012&with_ratings=1;2022-11-14 09:21:43.979012
Infotech Group;false;false;3.11;Москва;От 10 до 100 сотрудников;0;https://career.habr.com/companies/infotech-group;https://career.habr.com/companies?page=8&skills%5B%5D=1012&with_ratings=1;2022-11-14 09:21:43.979012
BGStaff;false;false;4.99;Сан-Франциско и район залива;До 10 сотрудников;0;https://career.habr.com/companies/bgstaffworld;https://career.habr.com/companies?page=8&skills%5B%5D=1012&with_ratings=1;2022-11-14 09:21:43.979012
Oboз;false;false;4.46;Москва;От 100 до 1000 сотрудников;0;https://career.habr.com/companies/oboz;https://career.habr.com/companies?page=8&skills%5B%5D=1012&with_ratings=1;2022-11-14 09:21:43.979012
Granatum.solutions;false;false;4.95;;От 10 до 100 сотрудников;0;https://career.habr.com/companies/granatum;https://career.habr.com/companies?page=8&skills%5B%5D=1012&with_ratings=1;2022-11-14 09:21:43.979012
СКБ ЛАБ;true;false;4.72;Екатеринбург;От 100 до 1000 сотрудников;0;https://career.habr.com/companies/skblab;https://career.habr.com/companies?page=8&skills%5B%5D=1012&with_ratings=1;2022-11-14 09:21:43.979012
OTUS;true;true;4.72;Москва;От 100 до 1000 сотрудников;0;https://career.habr.com/companies/otus;https://career.habr.com/companies?page=8&skills%5B%5D=1012&with_ratings=1;2022-11-14 09:21:43.979012
FoodTech Lab;false;false;4.71;Волгоград;От 10 до 100 сотрудников;0;https://career.habr.com/companies/foodtechlab;https://career.habr.com/companies?page=8&skills%5B%5D=1012&with_ratings=1;2022-11-14 09:21:43.979012
CUSTIS;true;true;4.29;Москва;От 100 до 1000 сотрудников;0;https://career.habr.com/companies/custis;https://career.habr.com/companies?page=8&skills%5B%5D=1012&with_ratings=1;2022-11-14 09:21:43.979012
OpenDev;true;false;4.38;Москва;От 10 до 100 сотрудников;0;https://career.habr.com/companies/opendev;https://career.habr.com/companies?page=9&skills%5B%5D=1012&with_ratings=1;2022-11-14 09:21:46.3967818
Ай-Новус;true;false;4.74;Казань;От 100 до 1000 сотрудников;0;https://career.habr.com/companies/i-novus;https://career.habr.com/companies?page=9&skills%5B%5D=1012&with_ratings=1;2022-11-14 09:21:46.3967818
HARMAN Connected Services;false;false;4.26;Нижний Новгород;От 100 до 1000 сотрудников;0;https://career.habr.com/companies/harman;https://career.habr.com/companies?page=9&skills%5B%5D=1012&with_ratings=1;2022-11-14 09:21:46.3967818
Murano Software;true;false;4.29;Санкт-Петербург;От 100 до 1000 сотрудников;0;https://career.habr.com/companies/murano-software;https://career.habr.com/companies?page=9&skills%5B%5D=1012&with_ratings=1;2022-11-14 09:21:46.3967818
Globus;true;false;4.83;Москва;От 100 до 1000 сотрудников;0;https://career.habr.com/companies/globus-ltdcom;https://career.habr.com/companies?page=9&skills%5B%5D=1012&with_ratings=1;2022-11-14 09:21:46.3967818
Jivo;true;true;4.84;Москва;От 100 до 1000 сотрудников;0;https://career.habr.com/companies/jivo;https://career.habr.com/companies?page=9&skills%5B%5D=1012&with_ratings=1;2022-11-14 09:21:46.3967818
Joom;true;true;4.86;Москва;От 100 до 1000 сотрудников;0;https://career.habr.com/companies/joom;https://career.habr.com/companies?page=9&skills%5B%5D=1012&with_ratings=1;2022-11-14 09:21:46.397782
Premium IT Solution;true;false;4.78;Москва;От 10 до 100 сотрудников;0;https://career.habr.com/companies/premiumitsolution;https://career.habr.com/companies?page=9&skills%5B%5D=1012&with_ratings=1;2022-11-14 09:21:46.397782
42;true;false;4.67;